URL,Brand
https://www.catamaranshow.com/brands/majestic,MAJESTIC CATAMARANS
https://www.catamaranshow.com/brands/mcconaghy,MCCONAGHY CATAMARANS
https://www.catamaranshow.com/brands/seawind,SEAWIND CATAMARANS
https://www.catamaranshow.com/brands/outremer,OUTREMER CATAMARANS
https://www.catamaranshow.com/brands/st-francis,ST-FRANCIS CATAMARANS
https://www.catamaranshow.com/brands/maine-cat,MAINE-CAT CATAMARANS
https://www.catamaranshow.com/brands/nautitech,NAUTITECH CATAMARANS
https://www.catamaranshow.com/brands/voyage,VOYAGE CATAMARANS
https://www.catamaranshow.com/brands/lightwave,LIGHTWAVE CATAMARANS
https://www.catamaranshow.com/brands/orc,ORC CATAMARANS
https://www.catamaranshow.com/brands/knysna,KNYSNA CATAMARANS
https://www.catamaranshow.com/brands/ocean-renegade,OCEAN-RENEGADE CATAMARANS
https://www.catamaranshow.com/brands/maverick,MAVERICK CATAMARANS
https://www.catamaranshow.com/brands/ocean-explorer,OCEAN-EXPLORER CATAMARANS
https://www.catamaranshow.com/brands/wave,WAVE CATAMARANS
https://www.catamaranshow.com/brands/squalt-marine,SQUALT-MARINE CATAMARANS
https://www.catamaranshow.com/brands/vision,VISION CATAMARANS
https://www.catamaranshow.com/brands/kinetic,KINETIC CATAMARANS
https://www.catamaranshow.com/brands/hopyacht,HOPYACHT CATAMARANS
https://www.catamaranshow.com/brands/aventura,AVENTURA CATAMARANS
https://www.catamaranshow.com/brands/broadblue,BROADBLUE CATAMARANS
https://www.catamaranshow.com/brands/catathai,CATATHAI CATAMARANS
https://www.catamaranshow.com/brands/independent-catamaran,INDEPENDENT-CATAMARAN CATAMARANS
https://www.catamaranshow.com/brands/ccatamarans,CCATAMARANS CATAMARANS
https://www.catamaranshow.com/brands/excess,EXCESS CATAMARANS
https://www.catamaranshow.com/brands/island-spirit,ISLAND-SPIRIT CATAMARANS
https://www.catamaranshow.com/brands/bali,BALI CATAMARANS
https://www.catamaranshow.com/brands/fountaine-pajot,FOUNTAINE-PAJOT CATAMARANS
https://www.catamaranshow.com/brands/dazcat,DAZCAT CATAMARANS
https://www.catamaranshow.com/brands/balance,BALANCE CATAMARANS
https://www.catamaranshow.com/brands/hh,HH CATAMARANS
https://www.catamaranshow.com/brands/o-yachts,O-YACHTS CATAMARANS
https://www.catamaranshow.com/brands/portofino,PORTOFINO CATAMARANS
https://www.catamaranshow.com/brands/catana,CATANA CATAMARANS
https://www.catamaranshow.com/brands/ita,ITA CATAMARANS
https://www.catamaranshow.com/brands/privilege,PRIVILEGE CATAMARANS
https://www.catamaranshow.com/brands/fast-forward-composites,FAST-FORWARD-COMPOSITES CATAMARANS
https://www.catamaranshow.com/brands/cure,CURE CATAMARANS
https://www.catamaranshow.com/brands/gunboat,GUNBOAT CATAMARANS
https://www.catamaranshow.com/brands/black-pepper,BLACK-PEPPER CATAMARANS
https://www.catamaranshow.com/brands/garcia,GARCIA CATAMARANS
https://www.catamaranshow.com/brands/gemini,GEMINI CATAMARANS
https://www.catamaranshow.com/brands/ice,ICE CATAMARANS
https://www.catamaranshow.com/brands/luna,LUNA CATAMARANS
https://www.catamaranshow.com/brands/antares,ANTARES CATAMARANS
https://www.catamaranshow.com/brands/vaan,VAAN CATAMARANS
https://www.catamaranshow.com/brands/lagoon,LAGOON CATAMARANS
https://www.catamaranshow.com/brands/neo,NEO CATAMARANS
https://www.catamaranshow.com/brands/modx,MODX CATAMARANS
https://www.catamaranshow.com/brands/sunreef,SUNREEF CATAMARANS
https://www.catamaranshow.com/brands/ovnicat,OVNICAT CATAMARANS
https://www.catamaranshow.com/brands/xquisite,XQUISITE CATAMARANS
https://www.catamaranshow.com/brands/windelo,WINDELO CATAMARANS
https://www.catamaranshow.com/brands/moon,MOON CATAMARANS
https://www.catamaranshow.com/brands/leopard,LEOPARD CATAMARANS
https://www.catamaranshow.com/brands/slyder,SLYDER CATAMARANS
